NormalizedDate,2024_French Senate election_FRFNN,2023_Spanish general election_IBEXIB,2023_Dutch general election_NLFIN,2023_Polish parliamentary election_BNKI,2023_Greek legislative election_FTATBNK,2023_Finnish parliamentary election_N3020PI,2023_Italian local elections_FTITLMS30,2023_Spanish local elections_IBEXIB,2023_Spanish regional elections_IBEXIB,2022_United States elections_NYK,2022_French presidential election_FRFNN,2022_French legislative election_FRFNN,2022_Swedish general election_SX3010GI,2022_Italian general election_FTITLMS30,2021_German federal election_CXPVX,2021_Norwegian parliamentary election_OFING,2021_Dutch general election_NLFIN,2020_United States presidential election_NYK,2020_United States Senate elections_NYK,2020_United States House of Representatives elections_NYK,2019_Spanish general election_IBEXIB_x,2019_Spanish general election_IBEXIB_y,2019_Portuguese legislative election_PTFIN,2019_Greek legislative election_FTATBNK,2019_Belgian federal election_BEFIN,2019_Danish general election_OMXC20,2019_Finnish parliamentary election_N3020PI,2019_Spanish general election_IBEXIB,2018_Swedish general election_SX3010GI,2018_Italian general election_FTITLMS30,2017_German federal election_CXPVX,2017_French presidential election_FRFNN,2017_French legislative election_FRFNN,2017_United Kingdom general election_TRINMX302020,2017_Dutch general election_NLFIN,2016_United States presidential election_NYK,2016_United States Senate elections_NYK,2016_United States House of Representatives elections_NYK,2016_Spanish general election_IBEXIB,2016_United Kingdom Brexit_TRINMX302020,2015_Portuguese legislative election_PTFIN,2015_Spanish general election_IBEXIB,2015_United Kingdom general election_TRINMX302020,2014_Swedish general election_SX3010GI,2014_Belgian federal election_BEFIN,2013_German federal election_CXPVX,2013_Italian general election_FTITLMS30,2013_Norwegian parliamentary election_OFING
-90,926.93,604.9,582.37,8555.99,911.32,3013.94,14022.4,638.9,638.9,9100.5,968.77,813.18,2698.47,11194.7,2817.74,2598.56,451.73,6955.8,6955.8,6955.8,581.1,448.8,79.51,621.08,836.24,989.39,1905.94,581.1,2125.88,13914.62,1778.03,854.18,884.33,4549.32,658.03,6209.8,6209.8,6209.8,615.7,3950.27,99.35,789.6,3894.65,1803.75,592.46,760.48,10057.28,837.48
-89,920.88,582.1,582.01,8740.68,919.53,3041.04,14022.4,659.3,659.3,9148.8,974.52,815.58,2706.89,11262.2,2814.6,2585.73,450.69,6965.5,6965.5,6965.5,580.6,453.2,78.79,628.1,840.46,987.61,1913.04,580.6,2127.21,13890.66,1759.22,859.29,874.25,4549.32,657.57,6221.5,6221.5,6221.5,615.7,3950.27,97.0,789.6,3894.65,1808.79,595.31,772.2,10039.6,822.69
-88,915.04,579.2,582.01,8732.46,881.01,3077.14,14022.4,650.8,650.8,9280.3,983.48,850.86,2727.98,11119.7,2801.41,2589.76,450.69,7055.5,7055.5,7055.5,573.8,438.3,79.47,630.1,848.2,987.61,1916.4,573.8,2098.59,13772.24,1750.05,878.85,877.4,4549.32,657.57,6209.9,6209.9,6209.9,616.2,3950.27,99.05,789.6,3894.65,1801.62,592.08,786.93,9964.88,832.5
-87,915.04,587.5,582.01,8691.96,902.88,3064.67,13946.5,651.0,651.0,9280.3,996.76,844.1,2564.61,10720.7,2810.02,2555.03,450.69,7055.5,7055.5,7055.5,563.9,438.5,79.55,645.11,858.51,987.61,1910.43,563.9,2133.12,13940.82,1729.45,877.14,884.48,4554.79,657.57,6209.9,6209.9,6209.9,602.1,3950.27,104.84,789.6,3856.08,1801.17,591.29,791.33,10354.24,833.5
-86,915.04,564.4,588.37,8627.1,901.68,3064.67,13927.0,667.2,667.2,9280.3,991.9,846.76,2554.97,10742.6,2842.69,2555.03,435.71,7055.5,7055.5,7055.5,551.3,453.8,79.73,641.01,860.6,989.62,1949.98,551.3,2103.1,14266.53,1736.02,874.04,884.38,4534.17,656.07,6209.9,6209.9,6209.9,593.6,3950.27,110.22,789.6,3888.92,1801.17,596.96,796.58,10311.06,832.65
-85,939.05,564.4,594.98,8627.1,901.68,3064.67,13794.3,667.2,667.2,9288.9,991.9,846.76,2554.97,10742.6,2842.69,2555.03,442.17,7103.2,7103.2,7103.2,551.3,453.8,79.73,641.01,860.6,993.97,1949.98,551.3,2103.1,14266.53,1736.02,874.04,884.38,4535.33,662.13,6239.8,6239.8,6239.8,593.6,4007.88,110.22,789.6,3875.68,1801.17,596.96,796.58,10311.06,832.65
-84,934.66,564.4,594.19,8627.1,901.68,3064.67,13900.7,667.2,667.2,9322.4,991.9,846.76,2554.97,10742.6,2842.69,2588.35,452.77,7167.2,7167.2,7167.2,551.3,453.8,79.73,641.01,860.6,1000.1,1949.98,551.3,2103.1,14266.53,1736.02,874.04,884.38,4560.26,661.68,6219.1,6219.1,6219.1,593.6,4003.65,110.22,789.6,3920.74,1801.17,596.96,796.58,10311.06,832.65
-83,952.64,564.4,586.45,8693.31,901.68,3143.96,13900.7,676.6,676.6,9255.4,993.76,843.91,2613.61,10652.4,2850.4,2595.68,456.28,7187.3,7187.3,7187.3,542.1,447.6,80.11,658.72,858.73,1007.31,1947.92,542.1,2092.87,14179.26,1732.03,862.69,880.81,4552.34,661.21,6237.8,6237.8,6237.8,590.2,3978.46,109.98,789.6,3939.43,1812.1,574.36,798.64,10423.2,845.14
-82,968.53,547.4,586.22,8673.86,929.94,3124.28,13900.7,662.4,662.4,9247.7,991.33,855.45,2599.97,10257.5,2868.1,2639.84,456.28,7123.7,7123.7,7123.7,549.0,439.5,80.97,647.53,851.79,1011.92,1947.75,549.0,2122.12,14163.61,1728.45,855.39,884.31,4552.34,663.36,6238.6,6238.6,6238.6,568.8,3978.46,108.55,789.6,3939.43,1815.48,591.55,802.42,10630.94,858.02
-81,967.15,543.6,586.22,8647.62,933.07,3189.35,14049.9,669.4,669.4,9084.6,981.82,842.15,2546.78,10339.4,2876.26,2643.15,456.28,7122.8,7122.8,7122.8,552.3,439.6,80.27,641.61,840.14,1011.92,1939.45,552.3,2132.85,13870.5,1746.48,867.93,877.9,4552.34,663.36,6223.7,6223.7,6223.7,566.2,3978.46,109.38,789.6,3939.43,1786.77,591.81,790.04,10582.12,849.95
-80,967.15,533.7,586.22,8798.17,915.62,3219.45,14178.2,663.0,663.0,9084.6,975.07,832.16,2493.11,10775.1,2841.74,2665.68,456.28,7122.8,7122.8,7122.8,536.3,448.1,78.59,652.3,826.97,1011.92,1931.69,536.3,2107.4,13737.32,1730.97,861.77,886.18,4570.64,663.36,6223.7,6223.7,6223.7,552.6,3980.43,111.71,789.6,3940.95,1775.48,594.3,804.56,10473.31,825.59
-79,967.15,545.5,584.92,8808.38,917.94,3225.89,14194.1,639.7,639.7,9084.6,958.89,827.48,2493.11,10867.8,2867.96,2665.68,457.28,7122.8,7122.8,7122.8,533.8,440.3,76.87,652.3,815.03,1016.63,1932.05,533.8,2107.4,13629.63,1726.62,869.96,882.97,4514.65,663.36,6223.7,6223.7,6223.7,564.8,3911.73,110.92,789.6,3964.31,1785.06,583.65,793.01,10362.76,824.62
-78,960.92,545.5,583.22,8808.38,917.94,3225.89,14433.4,639.7,639.7,8898.9,958.89,827.48,2493.11,10867.8,2867.96,2665.68,455.61,7078.3,7078.3,7078.3,533.8,440.3,76.87,652.3,815.03,1024.01,1932.05,533.8,2107.4,13629.63,1726.62,869.96,882.97,4465.97,663.03,6228.7,6228.7,6228.7,564.8,3947.5,110.92,789.6,4006.48,1785.06,583.65,793.01,10362.76,824.62
-77,946.03,545.5,579.95,8808.38,917.94,3225.89,14504.4,639.7,639.7,8859.0,958.89,827.48,2493.11,10867.8,2867.96,2621.93,453.27,7042.5,7042.5,7042.5,533.8,440.3,76.87,652.3,815.03,1022.01,1932.05,533.8,2107.4,13629.63,1726.62,869.96,882.97,4487.24,661.38,6252.6,6252.6,6252.6,564.8,3868.16,110.92,789.6,4020.17,1785.06,583.65,793.01,10362.76,824.62
-76,946.03,556.7,575.76,8824.36,878.76,3265.55,14504.4,590.8,590.8,8882.1,923.67,835.99,2536.92,10660.3,2903.71,2603.16,451.62,7019.9,7019.9,7019.9,541.2,443.9,75.59,652.3,826.14,1021.49,1896.72,541.2,2112.21,13760.63,1743.41,856.86,881.41,4468.96,659.47,6249.8,6249.8,6249.8,573.3,3907.64,110.45,789.6,4043.34,1779.57,584.15,799.53,9916.49,789.36
-75,946.03,553.9,576.39,8726.7,861.18,3253.08,14504.4,610.8,610.8,9008.6,940.47,872.82,2534.55,10594.3,2893.77,2560.75,451.62,7000.4,7000.4,7000.4,544.6,442.9,76.4,651.45,826.07,1004.96,1911.23,544.6,2115.86,13745.91,1737.55,843.42,891.6,4468.96,661.77,6262.6,6262.6,6262.6,576.2,3907.64,107.91,789.6,4043.34,1798.95,590.07,806.64,10089.09,796.82
-74,946.03,550.7,576.39,8575.97,837.73,3248.89,14507.7,563.5,563.5,8755.4,961.23,860.33,2505.13,10481.3,2870.36,2567.29,451.62,6985.6,6985.6,6985.6,541.7,442.4,74.36,648.52,832.15,1004.96,1930.36,541.7,2131.8,13605.18,1759.64,834.76,894.13,4468.96,661.77,6253.9,6253.9,6253.9,615.5,3907.64,107.52,789.6,4043.34,1800.26,586.89,803.38,10239.77,811.64
-73,946.03,555.6,576.39,8608.49,840.46,3106.15,15023.0,572.5,572.5,8755.4,966.22,849.76,2461.27,9985.5,2854.71,2576.48,451.62,6985.6,6985.6,6985.6,536.2,444.9,74.34,647.06,838.64,1004.96,1925.06,536.2,2138.01,13702.84,1765.29,843.71,894.47,4442.53,661.77,6253.9,6253.9,6253.9,621.7,3892.62,106.85,789.6,4085.55,1812.08,576.11,808.6,10357.18,816.35
-72,946.03,558.4,580.42,8745.59,793.34,3147.6,15223.6,551.8,551.8,8755.4,952.98,851.63,2484.71,10108.0,2869.59,2576.48,453.48,6985.6,6985.6,6985.6,554.0,442.9,70.74,647.06,847.3,1002.42,1939.54,554.0,2157.57,13652.15,1773.48,839.19,901.57,4453.72,665.26,6253.9,6253.9,6253.9,621.2,3932.56,105.91,789.6,4097.6,1797.38,563.1,811.7,10382.17,811.02
-71,946.03,558.4,582.31,8745.59,793.34,3147.6,15248.9,551.8,551.8,8701.0,952.98,851.63,2484.71,10108.0,2869.59,2576.48,453.84,7120.1,7120.1,7120.1,554.0,442.9,70.74,647.06,847.3,1015.15,1939.54,554.0,2157.57,13652.15,1773.48,839.19,901.57,4514.56,673.11,6302.9,6302.9,6302.9,621.2,4020.79,105.91,789.6,4096.66,1797.38,563.1,811.7,10382.17,811.02
-70,946.03,558.4,581.06,8745.59,793.34,3147.6,15119.9,551.8,551.8,8645.7,952.98,851.63,2484.71,10108.0,2869.59,2626.59,471.03,7150.1,7150.1,7150.1,554.0,442.9,70.74,647.06,847.3,1010.41,1939.54,554.0,2157.57,13652.15,1773.48,839.19,901.57,4545.39,674.6,6347.8,6347.8,6347.8,621.2,4034.99,105.91,789.6,4097.65,1797.38,563.1,811.7,10382.17,811.02
-69,946.03,552.2,592.6,8664.51,801.03,3236.58,15119.9,567.6,567.6,8563.4,956.79,845.26,2491.12,10269.1,2838.27,2593.09,477.93,7131.8,7131.8,7131.8,557.3,438.6,70.6,647.06,848.13,1012.95,1933.69,557.3,2135.38,13652.15,1757.19,846.73,891.06,4536.16,671.52,6363.2,6363.2,6363.2,626.7,4044.31,103.65,789.6,4099.85,1794.34,576.61,814.97,10474.03,825.13
-68,946.03,549.8,591.7,8429.62,833.94,3225.94,15119.9,596.6,596.6,8562.9,969.33,821.41,2447.91,10692.7,2839.41,2588.23,476.75,7217.2,7217.2,7217.2,554.4,436.2,66.54,638.58,850.24,1017.19,1952.67,554.4,2136.84,13652.15,1753.34,852.88,888.2,4536.16,674.15,6363.6,6363.6,6363.6,629.1,4044.31,100.54,789.6,4099.85,1770.46,582.87,806.85,10694.29,829.77
-67,946.03,555.5,591.7,8442.21,763.59,3179.75,15295.0,593.1,593.1,8510.1,970.71,805.52,2504.62,10419.8,2881.52,2544.31,476.75,7286.5,7286.5,7286.5,558.8,439.4,65.43,638.58,840.84,1017.19,1951.72,558.8,2137.17,13618.94,1751.44,862.11,888.16,4536.16,674.15,6409.7,6409.7,6409.7,654.2,4044.31,99.23,789.6,4099.85,1776.17,583.93,808.33,10864.83,814.54
-66,946.03,560.6,591.7,8553.74,769.95,3230.89,15361.8,578.0,578.0,8510.1,970.44,797.47,2538.02,10211.2,2897.16,2589.75,476.75,7286.5,7286.5,7286.5,557.9,459.0,65.17,635.85,839.78,1017.19,1918.74,557.9,2153.4,13620.37,1749.7,857.82,894.27,4523.38,674.15,6409.7,6409.7,6409.7,671.6,4041.18,99.75,789.6,4113.65,1739.93,587.16,816.83,10912.68,835.69
-65,946.03,562.7,584.5,8473.88,736.07,3242.6,15337.1,557.5,557.5,8510.1,961.08,808.02,2586.37,10168.9,2886.83,2589.75,470.2,7286.5,7286.5,7286.5,556.3,457.6,62.9,638.27,827.04,1027.57,1900.3,556.3,2151.23,13462.24,1743.38,844.47,895.84,4559.46,668.38,6409.7,6409.7,6409.7,677.9,4043.56,99.02,789.6,4066.2,1759.23,579.12,820.65,10791.98,841.15
-64,946.03,562.7,589.4,8473.88,736.07,3242.6,15584.2,557.5,557.5,8510.1,961.08,808.02,2586.37,10168.9,2886.83,2589.75,471.1,7181.2,7181.2,7181.2,556.3,457.6,62.9,638.27,827.04,1032.61,1900.3,556.3,2151.23,13462.24,1743.38,844.47,895.84,4546.25,666.2,6409.7,6409.7,6409.7,677.9,4026.8,99.02,789.6,4061.6,1759.23,579.12,820.65,10791.98,841.15
-63,946.03,562.7,594.97,8473.88,736.07,3242.6,15394.2,557.5,557.5,8504.5,961.08,808.02,2586.37,10168.9,2886.83,2633.11,469.55,7191.6,7191.6,7191.6,556.3,457.6,62.9,638.27,827.04,1026.44,1900.3,556.3,2151.23,13462.24,1743.38,844.47,895.84,4537.84,667.36,6402.3,6402.3,6402.3,677.9,4019.97,99.02,789.6,4109.83,1759.23,579.12,820.65,10791.98,841.15
-62,946.03,568.8,590.9,8406.53,757.83,3185.89,15394.2,567.4,567.4,8644.1,972.53,820.93,2543.3,10317.8,2857.11,2599.18,469.23,7288.5,7288.5,7288.5,561.6,469.9,62.01,612.85,824.06,1018.29,1924.97,561.6,2167.93,13462.24,1737.74,839.22,888.87,4576.82,661.95,6407.1,6407.1,6407.1,662.7,3995.66,98.48,789.6,4109.6,1785.75,571.05,823.48,10791.98,853.96
-61,946.03,569.7,573.94,8406.53,791.03,3138.78,15394.2,572.6,572.6,8644.1,982.98,819.46,2611.19,10158.4,2844.72,2605.4,468.85,7162.5,7162.5,7162.5,561.9,481.9,61.86,620.72,826.17,1022.87,1922.72,561.9,2177.87,13444.71,1749.86,838.79,884.4,4576.82,671.81,6399.8,6399.8,6399.8,687.8,3995.66,96.19,789.6,4109.6,1772.92,575.5,821.69,10791.98,853.62
-60,946.03,558.2,573.94,8145.47,779.97,3148.38,15493.4,583.9,583.9,8869.7,994.08,820.01,2529.52,10374.1,2848.36,2590.76,468.85,7181.8,7181.8,7181.8,570.5,480.4,60.59,595.7,839.57,1022.87,1941.08,570.5,2150.05,13432.42,1750.74,840.56,880.29,4576.82,671.81,6281.3,6281.3,6281.3,687.8,3995.66,97.57,789.6,4109.6,1803.86,576.44,819.03,10791.98,863.76
-59,946.03,562.3,573.94,8012.98,781.41,3393.89,15553.2,594.7,594.7,8869.7,997.6,828.09,2510.86,10524.8,2854.8,2551.33,468.85,7181.8,7181.8,7181.8,581.1,482.0,61.95,578.29,833.02,1022.87,1921.11,581.1,2156.28,13774.74,1748.62,837.87,870.11,4594.37,671.81,6281.3,6281.3,6281.3,673.9,4010.33,92.65,789.6,4077.17,1765.51,577.73,823.09,10887.33,867.9
-58,946.03,568.8,572.45,8059.4,736.22,3345.26,15460.4,588.2,588.2,8869.7,983.78,828.09,2459.94,10734.7,2849.3,2551.33,471.95,7181.8,7181.8,7181.8,574.6,499.6,59.16,598.98,840.45,1024.32,1951.75,574.6,2162.75,13806.61,1733.63,826.92,870.11,4598.68,664.69,6281.3,6281.3,6281.3,645.8,4010.93,92.75,789.6,3999.01,1771.83,579.05,811.88,10809.33,864.9
-57,946.03,568.8,572.12,8059.4,736.22,3345.26,15765.1,588.2,588.2,8965.2,983.78,828.09,2459.94,10734.7,2849.3,2551.33,465.09,7181.8,7181.8,7181.8,574.6,499.6,59.16,598.98,840.45,1021.15,1951.75,574.6,2162.75,13806.61,1733.63,826.92,870.11,4597.77,661.28,6333.3,6333.3,6333.3,645.8,4033.83,92.75,789.6,4025.05,1771.83,579.05,811.88,10809.33,864.9
-56,946.03,568.8,556.11,8059.4,736.22,3345.26,15833.8,588.2,588.2,8647.6,983.78,828.09,2459.94,10734.7,2849.3,2475.34,466.59,7018.8,7018.8,7018.8,574.6,499.6,59.16,598.98,840.45,1021.11,1951.75,574.6,2162.75,13806.61,1733.63,826.92,870.11,4627.84,657.34,6200.4,6200.4,6200.4,645.8,4012.83,92.75,789.6,4073.79,1771.83,579.05,811.88,10809.33,864.9
-55,946.03,562.9,561.78,8137.79,755.28,3251.95,15833.8,582.3,582.3,8632.1,950.31,828.09,2529.27,10766.9,2877.33,2483.11,466.6,7097.9,7097.9,7097.9,572.5,492.4,56.2,583.08,853.91,1019.55,1961.6,572.5,2170.5,13838.99,1725.08,826.41,870.11,4627.84,656.18,6179.7,6179.7,6179.7,639.2,3949.44,92.8,789.6,4079.36,1773.09,587.84,825.83,10809.33,873.97
-54,946.03,558.1,564.17,8039.43,744.5,3237.31,15833.8,585.5,585.5,8599.7,966.01,824.85,2586.49,10714.0,2866.68,2497.7,461.34,6998.7,6998.7,6998.7,571.9,478.1,58.45,603.82,861.38,1017.67,1953.59,571.9,2202.44,13994.44,1749.91,830.35,859.11,4627.84,657.82,6229.9,6229.9,6229.9,611.1,3949.44,90.84,789.6,4079.36,1794.19,599.74,825.11,10809.33,873.1
-53,946.03,542.0,564.17,8057.97,749.53,3239.4,15653.5,583.9,583.9,8526.6,958.84,842.22,2564.09,10904.6,2887.49,2498.89,461.34,7018.9,7018.9,7018.9,578.1,476.1,56.1,594.24,871.17,1017.67,1962.07,578.1,2176.62,14398.91,1768.49,854.39,867.28,4627.84,657.82,6168.6,6168.6,6168.6,598.5,3949.44,88.55,789.6,4079.36,1792.17,600.29,821.46,11302.71,870.84
-52,946.03,556.1,564.17,8122.14,759.92,3304.79,15548.1,593.4,593.4,8526.6,942.2,849.53,2598.26,10958.2,2900.84,2498.04,461.34,7018.9,7018.9,7018.9,557.3,490.4,55.6,598.57,871.12,1017.67,1951.93,557.3,2204.05,14537.65,1776.02,856.17,881.43,4627.84,657.82,6168.6,6168.6,6168.6,594.3,3949.44,90.71,789.6,4145.16,1811.26,601.55,838.59,11313.63,871.7
-51,946.03,573.2,561.39,8056.65,759.91,3224.44,15181.1,593.4,593.4,8526.6,935.49,839.58,2597.94,11070.1,2909.11,2498.04,448.98,7018.9,7018.9,7018.9,545.7,495.1,58.51,599.2,868.5,1019.96,1961.94,545.7,2249.86,14640.08,1788.12,872.07,888.59,4573.62,652.59,6168.6,6168.6,6168.6,600.1,3889.91,90.68,789.6,4130.18,1815.6,604.59,832.38,11418.98,877.81
-50,946.03,573.2,556.0,8056.65,759.91,3224.44,15368.2,593.4,593.4,8592.9,935.49,839.58,2597.94,11070.1,2909.11,2498.04,455.13,7123.5,7123.5,7123.5,545.7,495.1,58.51,599.2,868.5,1018.94,1961.94,545.7,2249.86,14640.08,1788.12,872.07,888.59,4607.78,653.24,6201.3,6201.3,6201.3,600.1,3835.31,90.68,789.6,4189.56,1815.6,604.59,832.38,11418.98,877.81
-49,946.03,573.2,556.8,8056.65,759.91,3224.44,15223.7,593.4,593.4,8462.5,935.49,839.58,2597.94,11070.1,2909.11,2515.98,446.41,7086.2,7086.2,7086.2,545.7,495.1,58.51,599.2,868.5,1005.96,1961.94,545.7,2249.86,14640.08,1788.12,872.07,888.59,4633.7,665.12,6207.7,6207.7,6207.7,600.1,3835.42,90.68,789.6,4220.42,1815.6,604.59,832.38,11418.98,877.81
-48,946.03,569.3,560.67,8254.81,782.07,3289.99,15223.7,593.4,593.4,8288.6,923.05,822.73,2592.81,11045.6,2911.29,2519.65,451.05,7131.7,7131.7,7131.7,552.1,479.4,57.66,588.2,866.71,1005.96,1959.95,552.1,2271.19,14707.1,1783.45,866.51,944.62,4643.3,667.23,6291.8,6291.8,6291.8,587.5,3798.89,92.87,789.6,4227.89,1808.02,593.64,849.01,11569.74,878.28
-47,946.03,571.9,569.22,8270.9,789.14,3289.72,15223.7,583.0,583.0,8169.4,917.16,818.23,2608.59,11000.4,2905.16,2538.62,445.19,7065.0,7065.0,7065.0,551.5,477.3,57.31,613.41,867.07,1005.96,1958.69,551.5,2321.52,14640.28,1781.22,864.1,948.21,4643.3,665.78,6337.9,6337.9,6337.9,599.7,3798.89,93.13,789.6,4227.89,1807.38,581.64,854.19,11678.9,881.1
-46,946.03,573.0,569.22,8311.78,784.84,3307.29,15560.8,591.0,591.0,8006.3,908.41,808.89,2607.99,11126.2,2932.42,2567.59,445.19,6993.2,6993.2,6993.2,563.5,479.7,57.73,612.37,865.31,1005.96,1954.82,563.5,2320.12,14671.87,1777.75,868.09,943.24,4643.3,665.78,6289.0,6289.0,6289.0,592.5,3798.89,91.29,789.6,4227.89,1814.74,582.24,840.82,12014.79,882.28
-45,946.03,578.2,569.22,8185.92,780.52,3309.19,15754.5,590.4,590.4,8006.3,854.7,808.62,2647.85,11179.8,2946.23,2567.62,445.19,6993.2,6993.2,6993.2,565.0,479.8,58.8,596.64,875.62,1005.96,1973.98,565.0,2334.2,14795.14,1768.8,881.36,936.0,4757.32,665.78,6289.0,6289.0,6289.0,589.6,3804.52,91.45,789.6,4248.3,1789.8,578.41,847.32,12185.8,880.91
-44,946.03,572.6,563.54,8253.11,780.52,3269.78,15555.2,609.0,609.0,8006.3,872.58,810.92,2669.71,11304.0,2957.79,2567.62,449.95,6993.2,6993.2,6993.2,572.5,486.8,57.22,597.07,890.95,1005.96,1975.56,572.5,2345.8,14829.94,1746.96,886.88,936.34,4736.12,656.91,6289.0,6289.0,6289.0,592.6,3813.76,89.03,789.6,4267.16,1755.11,570.83,846.3,12204.08,884.11
-43,946.03,572.6,572.94,8253.11,780.52,3269.78,15512.8,609.0,609.0,7842.2,872.58,810.92,2669.71,11304.0,2957.79,2567.62,460.08,6792.1,6792.1,6792.1,572.5,486.8,57.22,597.07,890.95,1008.74,1975.56,572.5,2345.8,14829.94,1746.96,886.88,936.34,4768.95,653.61,6216.4,6216.4,6216.4,592.6,3807.73,89.03,789.6,4232.85,1755.11,570.83,846.3,12204.08,884.11
-42,946.03,572.6,575.45,8253.11,780.52,3269.78,15685.9,609.0,609.0,7782.1,872.58,810.92,2669.71,11304.0,2957.79,2570.26,462.82,6787.0,6787.0,6787.0,572.5,486.8,57.22,597.07,890.95,1007.81,1975.56,572.5,2345.8,14829.94,1746.96,886.88,936.34,4792.34,660.59,6237.0,6237.0,6237.0,592.6,3794.83,89.03,789.6,4130.84,1755.11,570.83,846.3,12204.08,884.11
-41,946.03,573.0,573.65,8108.06,780.52,3288.82,15685.9,601.4,601.4,7921.9,837.9,799.35,2641.62,11304.0,2959.57,2566.69,466.27,6636.0,6636.0,6636.0,580.8,490.4,58.26,667.79,894.61,1005.41,1978.44,580.8,2342.54,15032.45,1770.54,884.33,936.34,4764.5,661.13,6271.2,6271.2,6271.2,594.3,3826.0,84.13,789.6,4112.15,1757.28,565.96,835.0,12075.85,885.05
-40,946.03,572.3,563.89,8038.3,794.07,3248.08,15685.9,613.5,613.5,7788.4,794.18,816.85,2629.64,11251.9,2958.14,2580.12,468.42,6661.7,6661.7,6661.7,586.2,482.8,57.86,712.19,899.28,1019.7,1982.19,586.2,2353.05,15003.24,1765.86,874.25,945.83,4764.5,667.47,6174.8,6174.8,6174.8,597.7,3826.0,88.22,789.6,4112.15,1752.46,560.03,838.89,12131.06,883.15
-39,946.03,585.9,563.89,7721.27,799.82,3227.74,15829.6,620.0,620.0,7747.3,801.43,808.45,2660.43,11127.0,2980.24,2598.95,468.42,6732.7,6732.7,6732.7,576.5,465.3,55.42,712.87,896.41,1019.7,1972.7,576.5,2339.15,14972.83,1772.97,877.4,952.46,4764.5,667.47,6236.6,6236.6,6236.6,604.6,3826.0,89.89,789.6,4112.15,1724.68,572.23,841.42,11928.07,885.13
-38,946.03,581.4,563.89,7647.96,807.02,3241.02,15716.0,611.9,611.9,7747.3,802.86,796.22,2656.3,11158.6,2975.14,2620.71,468.42,6732.7,6732.7,6732.7,565.8,464.7,54.39,759.97,897.59,1019.7,1948.66,565.8,2329.33,15156.2,1773.04,884.48,961.37,4764.5,667.47,6236.6,6236.6,6236.6,600.4,3823.51,91.9,789.6,4157.31,1714.33,579.5,841.56,12182.19,895.77
-37,946.03,587.1,566.07,7700.13,807.02,3197.9,15823.8,605.4,605.4,7747.3,757.16,779.64,2679.54,10834.9,2990.91,2620.71,468.28,6732.7,6732.7,6732.7,547.5,465.7,54.83,786.69,897.59,1024.05,1933.46,547.5,2336.03,15209.18,1763.61,884.38,968.86,4818.05,660.63,6236.6,6236.6,6236.6,606.5,3841.58,91.69,789.6,4109.2,1714.05,579.5,841.51,12252.36,894.46
-36,946.03,587.1,566.86,7700.13,807.02,3197.9,15591.7,605.4,605.4,7943.1,757.16,779.64,2679.54,10834.9,2990.91,2620.71,469.67,6891.3,6891.3,6891.3,547.5,465.7,54.83,786.69,897.59,1013.97,1933.46,547.5,2336.03,15209.18,1763.61,884.38,968.86,4786.92,664.04,6199.6,6199.6,6199.6,606.5,3870.2,91.69,789.6,4117.41,1714.05,579.5,841.51,12252.36,894.46
-35,946.03,587.1,562.5,7700.13,807.02,3197.9,15217.3,605.4,605.4,8235.8,757.16,779.64,2679.54,10834.9,2990.91,2633.78,469.51,6812.8,6812.8,6812.8,547.5,465.7,54.83,786.69,897.59,1017.89,1933.46,547.5,2336.03,15209.18,1763.61,884.38,968.86,4834.01,658.21,6193.4,6193.4,6193.4,606.5,3840.45,91.69,789.6,4164.83,1714.05,579.5,841.51,12252.36,894.46
-34,946.03,586.7,559.25,7693.73,807.02,3253.52,15217.3,604.9,604.9,8147.1,740.98,766.13,2675.47,10552.5,2961.52,2635.43,474.24,6860.6,6860.6,6860.6,547.3,470.6,54.56,791.15,897.59,1010.33,1955.8,547.3,2328.06,15212.92,1762.54,880.81,961.27,4828.2,665.47,6236.9,6236.9,6236.9,598.5,3904.26,90.55,789.6,4164.83,1738.23,579.5,842.76,12336.52,891.59
-33,946.03,581.9,547.45,7700.24,839.62,3256.91,15217.3,582.1,582.1,7998.6,752.26,775.34,2672.85,10685.6,2943.52,2646.78,488.3,6919.9,6919.9,6919.9,539.5,463.6,54.51,725.94,895.0,1000.96,1964.57,539.5,2336.08,15001.36,1768.77,884.31,959.33,4828.2,661.43,6235.2,6235.2,6235.2,618.1,3904.26,87.81,789.6,4164.83,1728.18,588.07,840.74,12359.05,887.64
-32,946.03,586.5,547.45,7740.29,827.22,3198.11,14268.6,579.2,579.2,7826.7,811.02,789.46,2692.52,10689.4,2911.74,2642.79,488.3,6970.4,6970.4,6970.4,544.2,465.4,54.49,745.08,884.79,1000.96,1973.07,544.2,2339.01,15044.37,1764.32,877.9,959.98,4828.2,661.43,6222.6,6222.6,6222.6,652.7,3904.26,87.23,789.6,4164.83,1754.03,585.57,837.31,12142.39,889.42
-31,946.03,579.0,547.45,7788.61,829.13,3196.39,14704.9,587.5,587.5,7826.7,786.46,784.15,2689.24,10618.2,2905.4,2644.26,488.3,6970.4,6970.4,6970.4,537.4,480.2,55.84,737.57,882.78,1000.96,1992.08,537.4,2362.01,15024.75,1762.34,886.18,955.15,4851.44,661.43,6222.6,6222.6,6222.6,634.3,3927.61,85.99,789.6,4164.83,1736.02,585.78,835.68,12443.27,897.24
-30,946.03,567.4,547.22,7771.63,838.49,3271.53,13688.5,564.4,564.4,7826.7,791.93,798.65,2706.19,10332.0,2931.47,2644.26,504.27,6970.4,6970.4,6970.4,542.3,498.0,56.17,737.71,885.72,995.59,2017.5,542.3,2336.74,14892.71,1762.32,882.97,958.8,4860.2,665.28,6222.6,6222.6,6222.6,634.8,3993.84,83.2,789.6,4206.54,1735.99,575.25,835.22,12439.78,904.41
-29,946.03,567.4,546.18,7771.63,838.49,3271.53,13843.0,564.4,564.4,7770.6,791.93,798.65,2706.19,10332.0,2931.47,2644.26,506.59,7065.6,7065.6,7065.6,542.3,498.0,56.17,737.71,885.72,998.57,2017.5,542.3,2336.74,14892.71,1762.32,882.97,958.8,4897.18,668.85,6253.1,6253.1,6253.1,634.8,4042.26,83.2,789.6,4225.3,1735.99,575.25,835.22,12439.78,904.41
-28,946.03,567.4,543.56,7771.63,838.49,3271.53,13484.1,564.4,564.4,7687.5,791.93,798.65,2706.19,10332.0,2931.47,2634.1,506.38,7012.0,7012.0,7012.0,542.3,498.0,56.17,737.71,885.72,1006.62,2017.5,542.3,2336.74,14892.71,1762.32,882.97,958.8,4903.09,673.67,6186.3,6186.3,6186.3,634.8,4038.62,83.2,789.6,4303.77,1735.99,575.25,835.22,12439.78,904.41
-27,946.03,570.8,544.58,7587.05,824.85,3279.28,13484.1,564.4,564.4,7656.0,813.18,798.05,2695.97,10375.7,2928.04,2635.77,494.4,7100.6,7100.6,7100.6,562.3,492.7,57.0,782.28,888.52,997.08,2029.74,562.3,2328.57,14666.0,1759.38,881.41,965.19,4901.34,667.71,6204.6,6204.6,6204.6,635.3,4057.07,80.73,789.6,4365.03,1753.57,575.04,837.87,12657.04,905.33
-26,946.03,583.4,542.3,7680.62,799.06,3195.51,13484.1,547.4,547.4,7922.0,815.58,814.11,2763.14,10493.7,2896.58,2643.38,505.75,7195.3,7195.3,7195.3,561.1,507.2,58.18,787.66,889.07,994.4,2046.32,561.1,2320.82,14483.41,1748.41,891.6,965.5,4901.34,658.65,6163.3,6163.3,6163.3,622.4,4057.07,80.15,789.6,4365.03,1758.79,582.16,823.04,12653.72,903.79
-25,946.03,593.5,542.3,7855.75,817.51,3192.97,13866.5,543.6,543.6,7784.9,850.86,811.37,2716.5,10540.7,2883.57,2610.29,505.75,7208.5,7208.5,7208.5,572.6,513.1,57.37,787.76,889.07,994.4,2042.71,572.6,2330.39,14920.64,1769.64,894.13,945.79,4901.34,658.65,6185.4,6185.4,6185.4,613.4,4057.07,78.16,789.6,4365.03,1751.12,585.36,823.32,12341.24,900.83
-24,946.03,601.4,542.3,7705.1,814.13,3165.33,14464.0,533.7,533.7,7784.9,844.1,805.31,2688.38,10387.3,2854.43,2595.99,505.75,7208.5,7208.5,7208.5,579.8,505.9,57.97,797.69,887.41,994.4,2026.23,579.8,2362.13,14811.52,1785.46,894.47,936.34,4923.94,658.65,6185.4,6185.4,6185.4,618.0,4057.07,79.25,789.6,4349.07,1773.16,585.36,822.12,12500.09,886.39
-23,946.03,607.3,545.12,7579.01,794.86,3057.27,14345.8,545.5,545.5,7784.9,846.76,808.87,2699.23,10736.7,2836.39,2595.99,509.84,7208.5,7208.5,7208.5,579.1,507.9,60.38,794.39,883.68,974.17,1992.69,579.1,2372.93,14655.94,1790.35,901.57,947.23,4892.65,659.41,6185.4,6185.4,6185.4,598.8,4050.69,78.41,789.6,4307.32,1771.15,588.79,826.02,12318.81,894.88
-22,946.03,607.3,546.78,7579.01,794.86,3057.27,14196.6,545.5,545.5,7995.5,846.76,808.87,2699.23,10736.7,2836.39,2595.99,510.64,7260.6,7260.6,7260.6,579.1,507.9,60.38,794.39,883.68,978.51,1992.69,579.1,2372.93,14655.94,1790.35,901.57,947.23,4854.99,659.03,6174.1,6174.1,6174.1,598.8,3986.8,78.41,789.6,4303.74,1771.15,588.79,826.02,12318.81,894.88
-21,946.03,607.3,549.45,7579.01,794.86,3057.27,13820.5,545.5,545.5,8105.7,846.76,808.87,2699.23,10736.7,2836.39,2615.49,514.29,7131.4,7131.4,7131.4,579.1,507.9,60.38,794.39,883.68,974.22,1992.69,579.1,2372.93,14655.94,1790.35,901.57,947.23,4854.99,657.14,6232.0,6232.0,6232.0,598.8,3967.7,78.41,789.6,4292.53,1771.15,588.79,826.02,12318.81,894.88
-20,946.03,615.6,552.72,7455.68,794.86,2991.58,13820.5,556.7,556.7,7973.6,843.91,810.64,2629.11,10468.8,2826.19,2622.73,514.79,7063.8,7063.8,7063.8,571.9,522.2,60.48,794.39,874.03,983.36,1990.49,571.9,2378.61,14705.87,1782.87,891.06,947.99,4868.43,652.58,6272.5,6272.5,6272.5,600.5,3963.54,75.25,796.8,4218.97,1780.69,587.27,835.86,11584.29,891.0
-19,946.03,606.3,563.66,7601.43,792.5,3079.3,13820.5,553.9,553.9,7890.5,855.45,805.65,2623.91,10508.6,2813.43,2628.87,505.86,7086.1,7086.1,7086.1,570.2,518.2,58.17,791.42,861.2,983.36,1993.21,570.2,2385.96,14429.95,1775.28,888.2,954.95,4868.43,647.22,6272.5,6272.5,6272.5,604.1,3963.54,76.58,801.6,4218.97,1781.58,585.96,831.46,11729.59,880.6
-18,946.03,601.1,563.66,7451.18,813.58,2956.42,13925.7,550.7,550.7,8077.7,842.15,809.65,2618.25,10471.4,2777.1,2642.71,505.86,7091.5,7091.5,7091.5,565.3,520.5,56.7,773.68,860.0,983.36,2005.01,565.3,2406.26,14662.86,1787.77,888.16,959.31,4868.43,647.22,6269.1,6269.1,6269.1,593.6,3963.54,78.19,788.3,4218.97,1785.13,585.45,835.53,11587.76,877.09
-17,946.03,589.0,563.66,7466.7,821.8,3005.97,14115.1,555.6,555.6,8077.7,832.16,820.8,2631.45,10717.4,2798.82,2641.78,505.86,7091.5,7091.5,7091.5,574.0,514.7,57.85,757.4,841.03,983.36,2012.45,574.0,2401.9,14646.73,1793.81,894.27,958.77,4888.58,647.22,6269.1,6269.1,6269.1,588.9,4002.47,78.65,772.1,4242.74,1755.94,596.53,840.61,11455.61,881.0
-16,946.03,594.4,562.46,7656.52,833.77,2916.74,14317.2,558.4,558.4,8077.7,827.48,829.85,2603.41,11043.6,2771.67,2641.78,513.88,7091.5,7091.5,7091.5,586.3,516.7,56.12,750.99,845.98,981.29,2022.54,586.3,2409.46,14823.71,1799.33,895.84,952.25,4888.88,644.64,6269.1,6269.1,6269.1,563.9,3991.97,78.25,774.3,4307.18,1766.13,591.61,836.96,11759.39,881.18
-15,946.03,594.4,559.32,7656.52,833.77,2916.74,14496.2,558.4,558.4,8131.8,827.48,829.85,2603.41,11043.6,2771.67,2641.78,519.71,7002.4,7002.4,7002.4,586.3,516.7,56.12,750.99,845.98,990.79,2022.54,586.3,2409.46,14823.71,1799.33,895.84,952.25,4906.56,647.44,6295.7,6295.7,6295.7,563.9,3998.19,78.25,774.3,4290.47,1766.13,591.61,836.96,11759.39,881.18
-14,946.03,594.4,556.97,7656.52,833.77,2916.74,14471.3,558.4,558.4,8274.0,827.48,829.85,2603.41,11043.6,2771.67,2624.69,532.21,7060.1,7060.1,7060.1,586.3,516.7,56.12,750.99,845.98,999.11,2022.54,586.3,2409.46,14823.71,1799.33,895.84,952.25,4970.44,662.08,6281.7,6281.7,6281.7,563.9,3964.5,78.25,774.3,4307.97,1766.13,591.61,836.96,11759.39,881.18
-13,946.03,594.8,560.26,7464.31,863.55,2956.1,14471.3,552.2,552.2,8320.0,835.99,825.0,2558.35,11382.0,2779.48,2578.24,527.47,7054.3,7054.3,7054.3,585.9,515.8,53.87,770.0,834.69,993.2,2062.65,585.9,2431.97,14679.58,1819.75,888.87,950.27,4944.77,661.96,6284.8,6284.8,6284.8,545.5,3866.96,79.26,761.9,4304.75,1756.97,593.36,833.65,11694.06,874.29
-12,946.03,605.3,558.28,7451.29,869.33,3029.94,14471.3,549.8,549.8,8360.0,872.82,813.22,2572.61,11297.5,2783.61,2614.82,529.46,7148.7,7148.7,7148.7,589.8,514.2,53.21,757.23,842.79,996.51,2064.4,589.8,2430.42,14700.94,1818.28,884.4,938.01,4944.77,671.22,6279.0,6279.0,6279.0,530.2,3866.96,77.29,742.4,4304.75,1755.8,589.83,840.95,11858.13,856.93
-11,946.03,621.2,558.28,7656.58,876.46,3011.68,14553.5,555.5,555.5,8528.0,860.33,807.68,2595.54,11436.1,2766.25,2628.91,529.46,7176.6,7176.6,7176.6,597.6,495.1,50.45,771.67,838.33,996.51,2100.16,597.6,2448.49,14728.2,1822.13,880.29,929.19,4944.77,671.22,6266.5,6266.5,6266.5,539.1,3866.96,77.12,743.0,4304.75,1768.72,589.56,838.45,11848.92,866.13
-10,946.03,622.2,558.28,7715.78,860.06,2997.62,14480.9,560.6,560.6,8528.0,849.76,807.37,2546.77,11492.8,2775.34,2632.26,529.46,7176.6,7176.6,7176.6,595.5,489.9,52.39,773.65,852.95,996.51,2094.57,595.5,2443.63,14520.44,1816.27,870.11,935.9,4944.77,671.22,6266.5,6266.5,6266.5,536.3,3780.26,76.18,739.3,4330.65,1771.21,573.09,838.68,11727.04,879.02
-9,946.03,618.2,565.87,7992.27,853.19,2951.53,14382.5,562.7,562.7,8528.0,851.63,805.35,2597.11,11385.9,2754.86,2632.26,549.01,7176.6,7176.6,7176.6,595.5,494.4,53.47,806.28,844.27,989.25,2087.35,595.5,2439.16,14603.04,1823.5,870.11,940.96,4963.6,668.24,6266.5,6266.5,6266.5,557.5,3674.78,76.61,725.7,4293.71,1754.72,565.83,834.72,11590.57,859.63
-8,946.03,618.2,574.46,7992.27,853.19,2951.53,14667.4,562.7,562.7,8481.9,851.63,805.35,2597.11,11385.9,2754.86,2632.26,549.23,7031.1,7031.1,7031.1,595.5,494.4,53.47,806.28,844.27,998.79,2087.35,595.5,2439.16,14603.04,1823.5,870.11,940.96,4953.49,667.54,6279.5,6279.5,6279.5,557.5,3686.53,76.61,725.7,4261.17,1754.72,565.83,834.72,11590.57,859.63
-7,946.03,618.2,575.82,7992.27,853.19,2951.53,14667.4,562.7,562.7,8520.0,851.63,805.35,2597.11,11385.9,2754.86,2653.95,547.69,6909.8,6909.8,6909.8,595.5,494.4,53.47,806.28,844.27,971.19,2087.35,595.5,2439.16,14603.04,1823.5,870.11,940.96,4987.78,671.05,6229.2,6229.2,6229.2,557.5,3649.01,76.61,725.7,4259.13,1754.72,565.83,834.72,11590.57,859.63
-6,946.03,618.8,576.39,8147.07,847.28,2992.28,14667.4,568.8,568.8,8365.2,845.26,816.4,2579.18,11379.5,2726.81,2633.57,539.07,6702.6,6702.6,6702.6,595.5,508.9,54.11,808.17,837.69,971.19,2083.08,595.5,2431.44,14616.52,1827.46,870.11,935.48,4999.7,679.55,6163.8,6163.8,6163.8,576.3,3761.34,74.16,706.2,4227.27,1755.73,565.52,841.53,11491.3,874.98
-5,946.03,626.3,581.49,8393.84,884.13,2947.68,14667.4,569.7,569.7,8262.0,821.41,806.99,2583.12,11081.4,2782.71,2634.65,542.59,6775.6,6775.6,6775.6,583.9,517.7,53.26,802.25,843.92,971.19,2072.53,583.9,2420.4,14722.09,1826.28,859.11,928.71,4999.7,684.22,6164.8,6164.8,6164.8,580.4,3761.34,71.36,728.8,4227.27,1735.46,568.15,841.9,11736.07,872.73
-4,946.03,622.6,581.49,8541.47,878.67,2977.58,14667.4,558.2,558.2,8453.2,805.52,800.31,2573.52,11141.3,2789.1,2613.11,542.59,6761.9,6761.9,6761.9,574.7,512.7,52.22,817.16,838.34,971.19,2077.14,574.7,2418.22,14700.09,1818.66,867.28,950.62,4999.7,684.22,6144.7,6144.7,6144.7,583.8,3761.34,73.52,733.1,4227.27,1751.1,572.88,844.57,11573.88,871.1
-3,946.03,626.7,581.49,8490.27,877.44,3035.99,14808.6,562.3,562.3,8453.2,797.47,793.13,2610.0,11299.6,2807.05,2597.29,542.59,6761.9,6761.9,6761.9,573.7,523.4,54.12,830.02,826.57,971.19,2077.97,573.7,2429.56,14637.22,1806.42,881.43,954.57,4975.06,684.22,6144.7,6144.7,6144.7,603.2,3942.86,79.72,749.2,4227.27,1735.94,575.82,853.99,11117.08,871.34
-2,946.03,624.8,581.72,8497.23,881.51,3081.9,14958.3,568.8,568.8,8453.2,808.02,763.4,2639.4,10883.4,2783.23,2597.29,539.95,6761.9,6761.9,6761.9,576.7,516.4,53.97,837.74,834.56,981.39,2085.78,576.7,2406.49,14283.97,1790.48,888.59,963.4,4910.18,683.46,6144.7,6144.7,6144.7,495.5,3972.44,82.74,739.4,4180.39,1745.14,578.37,863.34,11303.61,872.57
-1,946.03,624.8,579.71,8497.23,881.51,3081.9,14931.3,568.8,568.8,8516.1,808.02,763.4,2639.4,10883.4,2783.23,2597.29,541.55,6896.0,6896.0,6896.0,576.7,516.4,53.97,837.74,834.56,973.31,2085.78,576.7,2406.49,14283.97,1790.48,888.59,963.4,4946.63,677.41,6292.3,6292.3,6292.3,495.5,4030.24,82.74,739.4,4125.21,1745.14,578.37,863.34,11303.61,872.57
0,946.03,624.8,579.91,8497.23,881.51,3081.9,15296.4,568.8,568.8,8563.3,808.02,763.4,2639.4,10883.4,2783.23,2603.5,542.85,7058.5,7058.5,7058.5,576.7,516.4,53.97,837.74,834.56,973.31,2085.78,576.7,2406.49,14283.97,1790.48,888.59,963.4,4929.14,679.11,6306.2,6306.2,6306.2,495.5,4119.64,82.74,739.4,4154.27,1745.14,578.37,863.34,11303.61,872.57
1,946.03,622.8,579.04,9327.14,991.41,3066.53,15296.4,562.9,562.9,8396.3,820.93,738.97,2720.58,10968.4,2801.39,2602.08,555.0,7031.2,7031.2,7031.2,583.8,514.3,53.98,786.72,836.15,988.92,2094.69,583.8,2416.74,13982.03,1799.09,944.62,954.51,4942.96,684.1,6423.4,6423.4,6423.4,486.7,3684.2,87.66,701.3,4292.71,1743.41,582.66,856.51,11443.04,876.76
2,946.03,626.5,584.26,9417.67,987.77,3111.66,15296.4,558.1,558.1,8860.3,819.46,741.3,2705.81,10723.4,2732.78,2590.08,546.57,7172.3,7172.3,7172.3,581.0,506.2,54.03,736.28,838.03,988.75,2104.54,581.0,2397.76,14243.49,1818.14,948.21,957.69,4942.96,683.56,6553.4,6553.4,6553.4,497.5,3684.2,90.08,705.3,4292.71,1743.87,586.44,854.25,10565.5,891.28
3,946.03,633.2,584.26,9193.26,958.54,3064.82,15120.6,542.0,542.0,8932.0,820.01,756.21,2710.9,10603.2,2730.08,2609.15,546.57,7137.3,7137.3,7137.3,581.0,490.1,53.95,769.79,828.77,988.75,2112.89,581.0,2387.67,14462.14,1803.18,943.24,950.71,4942.96,683.56,6576.5,6576.5,6576.5,510.2,3684.2,91.88,721.0,4292.71,1769.89,589.59,853.06,10741.4,899.3
4,946.03,640.0,584.26,8940.32,971.6,3092.79,15345.7,556.1,556.1,8932.0,828.09,743.31,2752.06,10361.6,2707.96,2591.81,546.57,7137.3,7137.3,7137.3,576.1,487.5,54.24,754.86,833.59,988.75,2107.01,576.1,2395.91,14553.57,1800.57,936.0,947.21,4909.72,683.56,6576.5,6576.5,6576.5,507.0,3333.88,91.27,724.4,4297.8,1782.83,589.56,853.77,10730.57,881.7
5,946.03,638.6,582.99,8808.83,1001.72,3092.79,15515.4,573.2,573.2,8932.0,828.09,743.83,2711.17,10658.2,2742.57,2591.81,539.59,7137.3,7137.3,7137.3,573.3,491.9,55.48,736.49,826.94,988.75,2107.01,573.3,2408.46,14490.45,1817.39,936.34,952.06,4978.09,680.43,6576.5,6576.5,6576.5,516.2,3495.8,93.94,724.4,4214.12,1798.16,591.25,851.32,10571.51,878.04
6,946.03,638.6,582.48,8808.83,1001.72,3092.79,15367.6,573.2,573.2,8809.2,828.09,743.83,2711.17,10658.2,2742.57,2591.81,537.25,7645.3,7645.3,7645.3,573.3,491.9,55.48,736.49,826.94,1013.56,2107.01,573.3,2408.46,14490.45,1817.39,936.34,952.06,4978.44,681.0,6679.2,6679.2,6679.2,516.2,3597.95,93.94,724.4,4230.48,1798.16,591.25,851.32,10571.51,878.04
7,946.03,638.6,585.64,8808.83,1001.72,3092.79,15443.6,573.2,573.2,8864.4,828.09,743.83,2711.17,10658.2,2742.57,2531.01,541.59,7722.9,7722.9,7722.9,573.3,491.9,55.48,736.49,826.94,1023.8,2107.01,573.3,2408.46,14490.45,1817.39,936.34,952.06,4926.24,667.16,6687.6,6687.6,6687.6,516.2,3697.21,93.94,724.4,4259.27,1798.16,591.25,851.32,10571.51,878.04
8,946.03,634.2,598.54,8880.3,996.12,3092.79,15443.6,569.3,569.3,8801.5,828.09,751.34,2667.8,10804.4,2723.85,2542.12,541.19,7701.7,7701.7,7701.7,565.9,489.6,54.8,732.78,822.73,1020.05,2107.01,565.9,2398.89,14507.5,1824.31,936.34,960.62,4984.07,672.2,6627.0,6627.0,6627.0,514.5,3749.22,87.29,712.5,4290.68,1814.85,593.13,854.14,10354.09,872.79
9,946.03,621.0,599.5,9097.86,976.53,3136.07,15443.6,571.9,571.9,8767.6,824.85,759.51,2724.06,11167.4,2714.96,2588.15,544.42,7571.8,7571.8,7571.8,554.2,492.2,55.83,741.06,836.85,1011.02,2090.38,554.2,2369.28,14471.54,1824.31,945.83,956.61,4984.07,667.1,6668.1,6668.1,6668.1,500.1,3749.22,85.03,715.6,4290.68,1815.15,590.59,867.86,10690.45,868.14
10,946.03,609.7,599.5,9336.09,958.27,3140.61,15328.8,573.0,573.0,8822.9,842.22,754.06,2789.79,10924.0,2681.51,2626.11,544.42,7713.8,7713.8,7713.8,558.1,489.6,56.93,754.11,836.06,1011.02,2098.11,558.1,2361.63,14286.25,1830.49,952.46,952.38,4984.07,667.1,6659.2,6659.2,6659.2,486.9,3749.22,85.98,713.2,4290.68,1827.72,592.8,863.8,10658.0,866.28
11,946.03,618.5,599.5,9441.69,952.81,3147.68,15073.9,578.2,578.2,8822.9,849.53,731.66,2771.15,10698.1,2718.37,2639.23,544.42,7713.8,7713.8,7713.8,545.7,493.9,56.48,763.75,830.85,1011.02,2104.9,545.7,2404.28,14501.12,1836.2,961.37,951.8,5017.87,667.1,6659.2,6659.2,6659.2,490.0,3655.14,88.0,705.5,4295.13,1809.58,599.15,858.1,10635.69,879.47
12,946.03,622.1,601.18,9317.49,963.09,3186.81,14884.0,572.6,572.6,8822.9,839.58,750.35,2710.38,10639.5,2709.94,2639.23,543.39,7713.8,7713.8,7713.8,543.8,499.0,55.44,769.56,832.31,1012.64,2136.81,543.8,2431.82,14657.94,1826.31,968.86,950.07,5013.64,661.46,6659.2,6659.2,6659.2,510.1,3528.69,87.03,705.5,4339.99,1821.16,607.23,856.29,10876.57,883.12
13,946.03,622.1,605.5,9317.49,963.09,3186.81,15127.6,572.6,572.6,8819.2,839.58,750.35,2710.38,10639.5,2709.94,2639.23,557.34,7877.3,7877.3,7877.3,543.8,499.0,55.44,769.56,832.31,1024.79,2136.81,543.8,2431.82,14657.94,1826.31,968.86,950.07,4915.9,665.46,6691.9,6691.9,6691.9,510.1,3492.8,87.03,705.5,4339.16,1821.16,607.23,856.29,10876.57,883.12
14,946.03,622.1,611.83,9317.49,963.09,3186.81,14760.9,572.6,572.6,8914.5,839.58,750.35,2710.38,10639.5,2709.94,2673.63,553.84,7879.4,7879.4,7879.4,543.8,499.0,55.44,769.56,832.31,1025.97,2136.81,543.8,2431.82,14657.94,1826.31,968.86,950.07,4916.76,666.97,6718.9,6718.9,6718.9,510.1,3617.18,87.03,705.5,4359.09,1821.16,607.23,856.29,10876.57,883.12
15,946.03,626.2,614.26,9515.05,963.09,3124.05,14760.9,573.0,573.0,8950.3,822.73,746.37,2661.33,10729.0,2719.48,2677.79,556.67,7799.4,7799.4,7799.4,536.3,500.7,57.51,751.86,841.65,1020.58,2131.98,536.3,2424.51,14550.65,1828.77,961.27,953.65,4943.44,668.78,6731.6,6731.6,6731.6,515.4,3709.66,86.51,690.3,4376.0,1806.1,607.95,850.16,10734.42,874.44
16,946.03,612.5,619.9,9592.59,1000.06,3134.92,14760.9,572.3,572.3,8950.3,818.23,750.24,2686.94,10654.6,2726.92,2678.41,556.67,7817.5,7817.5,7817.5,541.4,498.0,56.49,749.94,845.1,1006.98,2129.68,541.4,2435.37,14631.35,1832.31,959.33,959.08,4943.44,673.37,6731.6,6731.6,6731.6,543.4,3709.66,87.65,687.5,4376.0,1828.04,603.29,847.5,10667.55,871.85
17,946.03,617.8,619.9,9592.59,1020.13,3123.37,14760.9,585.9,585.9,9005.9,808.89,738.35,2644.71,10515.8,2732.17,2703.01,556.67,7756.6,7756.6,7756.6,542.1,501.5,57.46,757.19,840.58,1006.98,2129.68,542.1,2448.4,14539.99,1846.27,959.98,967.73,4943.44,673.37,6741.6,6741.6,6741.6,539.1,3709.66,85.28,668.9,4376.0,1810.98,598.68,845.81,10433.17,866.8
18,946.03,634.1,619.9,9602.93,1017.07,3094.73,14455.3,581.4,581.4,9005.9,808.62,718.75,2587.32,10746.2,2745.34,2706.71,556.67,7756.6,7756.6,7756.6,553.7,497.2,57.95,775.24,836.89,1006.98,2109.89,553.7,2467.99,14304.87,1867.51,955.15,962.51,4942.45,673.37,6741.6,6741.6,6741.6,550.4,3833.27,84.25,656.2,4376.0,1774.96,597.51,855.23,10796.12,860.34
19,946.03,631.2,622.77,9660.09,1019.39,3118.4,14742.0,587.1,587.1,9005.9,810.92,717.62,2633.49,10826.5,2767.35,2706.71,556.67,7756.6,7756.6,7756.6,549.9,494.1,57.82,782.71,831.73,1008.19,2123.17,549.9,2453.62,14238.88,1861.7,958.8,952.05,4904.53,668.09,6741.6,6741.6,6741.6,548.7,3899.2,84.39,640.8,4333.8,1802.13,594.66,859.26,10741.73,855.7
20,946.03,631.2,623.32,9660.09,1019.39,3118.4,14555.1,587.1,587.1,8831.8,810.92,717.62,2633.49,10826.5,2767.35,2706.71,561.05,7873.1,7873.1,7873.1,549.9,494.1,57.82,782.71,831.73,1012.32,2123.17,549.9,2453.62,14238.88,1861.7,958.8,952.05,4911.41,667.26,6671.1,6671.1,6671.1,548.7,3863.29,84.39,640.8,4364.66,1802.13,594.66,859.26,10741.73,855.7
21,946.03,631.2,622.86,9660.09,1019.39,3118.4,15043.2,587.1,587.1,8900.8,810.92,717.62,2633.49,10826.5,2767.35,2724.14,561.71,8099.8,8099.8,8099.8,549.9,494.1,57.82,782.71,831.73,1005.3,2123.17,549.9,2453.62,14238.88,1861.7,958.8,952.05,4866.56,667.49,6703.5,6703.5,6703.5,548.7,3910.8,84.39,640.8,4373.03,1802.13,594.66,859.26,10741.73,855.7
22,946.03,632.1,626.77,9707.22,1024.51,3170.42,15043.2,586.7,586.7,9083.6,799.35,717.16,2618.61,11010.3,2780.86,2742.74,559.75,8060.0,8060.0,8060.0,542.5,487.4,57.71,806.51,831.42,996.97,2079.31,542.5,2466.45,14031.85,1871.68,965.19,969.62,4885.53,671.3,6729.9,6729.9,6729.9,543.7,3897.81,81.5,643.2,4341.06,1810.1,590.28,860.43,10490.37,842.25
23,946.03,626.5,628.67,9649.19,1024.44,3186.53,15043.2,581.9,581.9,9037.5,816.85,689.25,2703.44,11185.1,2805.34,2745.83,560.15,8060.0,8060.0,8060.0,545.3,483.8,57.81,807.15,838.21,1002.51,2059.78,545.3,2430.47,14109.97,1867.67,965.5,968.02,4885.53,670.81,6772.5,6772.5,6772.5,538.8,3897.81,79.34,646.3,4341.06,1766.86,592.97,864.29,10163.35,854.46
24,946.03,623.8,628.67,9557.08,1028.83,3155.63,15139.2,586.5,586.5,9012.6,808.45,692.31,2654.54,11160.8,2781.57,2773.56,560.15,8031.3,8031.3,8031.3,537.3,495.8,57.77,828.24,845.34,1002.51,2070.44,537.3,2352.9,14204.78,1872.26,945.79,968.86,4885.53,670.81,6755.6,6755.6,6755.6,546.5,3897.81,82.25,649.2,4341.06,1757.38,590.48,866.47,10496.77,855.77
25,946.03,624.6,628.67,9858.62,1024.88,3188.72,15145.6,579.0,579.0,9012.6,796.22,708.59,2631.71,11262.9,2784.84,2784.31,560.15,8031.3,8031.3,8031.3,532.2,494.6,57.86,811.65,834.68,1002.51,2000.19,532.2,2337.82,14253.81,1856.5,936.34,972.01,4865.93,670.81,6755.6,6755.6,6755.6,552.5,3954.3,84.94,642.7,4349.1,1733.8,598.42,871.65,10495.61,860.93
26,946.03,623.6,625.2,9764.72,1019.46,3219.16,14956.0,567.4,567.4,9012.6,779.64,719.49,2611.66,11276.6,2792.51,2784.31,558.8,8031.3,8031.3,8031.3,534.6,500.6,57.9,787.61,829.55,1019.9,2018.26,534.6,2330.88,14253.81,1849.87,947.23,972.21,4835.65,670.64,6755.6,6755.6,6755.6,550.8,3973.14,83.72,622.4,4340.48,1719.0,591.34,880.77,10550.22,858.95
27,946.03,623.6,624.43,9764.72,1019.46,3219.16,14864.4,567.4,567.4,8810.3,779.64,719.49,2611.66,11276.6,2792.51,2784.31,555.27,7887.9,7887.9,7887.9,534.6,500.6,57.9,787.61,829.55,1025.72,2018.26,534.6,2330.88,14253.81,1849.87,947.23,972.21,4905.5,671.33,6832.1,6832.1,6832.1,550.8,3995.14,83.72,622.4,4361.22,1719.0,591.34,880.77,10550.22,858.95
28,946.03,623.6,624.53,9764.72,1019.46,3219.16,14964.9,567.4,567.4,8725.3,779.64,719.49,2611.66,11276.6,2792.51,2787.72,560.26,8025.7,8025.7,8025.7,534.6,500.6,57.9,787.61,829.55,1037.21,2018.26,534.6,2330.88,14253.81,1849.87,947.23,972.21,4909.94,669.7,6915.5,6915.5,6915.5,550.8,3984.97,83.72,622.4,4310.21,1719.0,591.34,880.77,10550.22,858.95
29,946.03,625.4,621.42,9758.61,1006.19,3219.16,14964.9,570.8,570.8,8696.9,766.13,706.41,2593.5,11469.7,2764.85,2790.05,555.37,8073.9,8073.9,8073.9,536.7,499.1,59.29,723.4,827.25,1030.68,1983.25,536.7,2311.13,14253.81,1830.66,947.99,974.1,4911.3,667.16,7039.0,7039.0,7039.0,542.1,3975.89,86.75,613.5,4231.19,1711.03,584.46,884.32,10097.7,853.78
30,946.03,627.8,622.23,10303.46,993.01,3157.69,14964.9,583.4,583.4,8725.5,775.34,710.95,2598.87,11544.6,2775.16,2791.43,561.84,8078.6,8078.6,8078.6,537.5,496.5,60.16,707.81,827.59,1019.79,2021.17,537.5,2297.12,14272.31,1814.4,954.95,970.39,4911.3,667.16,7097.9,7097.9,7097.9,537.3,3975.89,85.57,609.2,4231.19,1713.44,578.53,888.11,9928.5,847.86
31,946.03,621.3,622.23,10137.38,995.9,3169.63,14948.6,593.5,593.5,8711.6,789.46,698.93,2602.55,11656.3,2778.34,2831.98,561.84,8194.2,8194.2,8194.2,533.1,495.6,59.51,701.23,833.88,1019.79,2029.56,533.1,2295.89,14232.13,1801.83,959.31,976.76,4911.3,667.16,7096.6,7096.6,7096.6,549.9,3975.89,87.58,585.1,4231.19,1654.2,580.29,879.92,9795.82,848.02
32,946.03,625.6,622.23,10302.25,977.76,3149.33,14955.7,601.4,601.4,8711.6,784.15,679.62,2624.93,11874.2,2761.4,2840.06,561.84,8194.2,8194.2,8194.2,540.6,513.9,61.36,711.33,838.57,1019.79,2061.17,540.6,2237.49,14519.64,1819.49,958.77,984.47,4920.84,667.16,7096.6,7096.6,7096.6,530.5,4006.01,84.12,601.8,4203.21,1648.28,581.41,881.82,9843.73,860.53
33,946.03,624.4,622.23,10421.64,982.57,3209.96,14913.9,607.3,607.3,8711.6,798.65,686.77,2659.17,11884.1,2698.77,2840.06,561.37,8194.2,8194.2,8194.2,524.9,515.3,61.76,701.08,843.78,1016.85,2047.83,524.9,2225.26,14483.05,1830.93,952.25,978.76,4873.53,667.16,7096.6,7096.6,7096.6,545.5,3991.97,84.34,623.7,4175.29,1722.62,582.17,881.34,9843.73,866.43
34,946.03,624.4,622.23,10421.64,982.57,3209.96,14945.8,607.3,607.3,8805.1,798.65,686.77,2659.17,11884.1,2698.77,2840.06,548.82,8127.0,8127.0,8127.0,524.9,515.3,61.76,701.08,843.78,1013.9,2047.83,524.9,2225.26,14483.05,1830.93,952.25,978.76,4902.1,661.44,7043.4,7043.4,7043.4,545.5,4046.11,84.34,623.7,4234.88,1722.62,582.17,881.34,9843.73,866.43
35,946.03,624.4,625.31,10421.64,982.57,3209.96,15050.4,607.3,607.3,8848.3,798.65,686.77,2659.17,11884.1,2698.77,2852.58,547.16,8121.8,8121.8,8121.8,524.9,515.3,61.76,701.08,843.78,1015.75,2047.83,524.9,2225.26,14483.05,1830.93,952.25,978.76,4937.77,670.83,7067.1,7067.1,7067.1,545.5,3989.91,84.34,623.7,4257.93,1722.62,582.17,881.34,9843.73,866.43
36,946.03,637.7,622.82,10538.06,953.14,3213.14,15050.4,615.6,615.6,8762.5,798.05,698.44,2713.68,11989.5,2704.53,2864.7,546.4,8106.1,8106.1,8106.1,521.8,525.4,61.24,667.06,853.29,1007.39,2015.63,521.8,2238.52,14563.7,1834.06,950.27,976.71,4924.68,670.81,6992.6,6992.6,6992.6,530.5,4043.32,77.87,598.0,4208.85,1716.46,578.1,876.12,9843.73,870.97
37,946.03,640.4,623.77,10475.23,961.0,3159.4,15050.4,606.3,606.3,8580.3,814.11,714.42,2777.59,12073.8,2717.73,2885.28,548.58,8102.8,8102.8,8102.8,536.3,522.0,61.28,655.85,852.8,993.22,2024.89,536.3,2270.17,14577.73,1834.06,938.01,966.61,4924.68,673.25,7027.8,7027.8,7027.8,504.0,4043.32,77.37,617.2,4208.85,1788.58,586.69,870.7,9960.96,881.04
38,946.03,642.1,623.77,10464.64,975.71,3153.88,14765.0,601.1,601.1,8504.8,811.37,716.2,2885.11,12151.1,2740.41,2911.32,548.58,8036.4,8036.4,8036.4,530.6,526.7,60.22,617.55,863.11,993.22,2023.86,530.6,2223.28,14417.61,1851.55,929.19,969.62,4924.68,673.25,7000.8,7000.8,7000.8,504.9,4043.32,77.22,616.2,4208.85,1790.8,590.1,873.36,9658.14,884.6
39,946.03,630.1,623.77,10399.29,1019.67,3165.53,14771.8,589.0,589.0,8504.8,805.31,717.6,2863.08,12163.6,2794.1,2932.18,548.58,8036.4,8036.4,8036.4,522.7,531.1,60.19,617.55,869.23,993.22,1989.33,522.7,2178.47,14635.69,1853.97,935.9,966.99,4954.52,673.25,7000.8,7000.8,7000.8,518.0,4004.89,77.21,597.9,4132.13,1806.61,598.93,864.84,9635.12,890.36
40,946.03,622.5,623.77,10365.04,1009.03,3162.02,14337.4,594.4,594.4,8504.8,808.87,712.34,2889.28,12495.4,2757.99,2932.18,558.08,8036.4,8036.4,8036.4,520.6,532.1,59.95,616.24,868.82,996.77,2012.97,520.6,2203.52,14630.25,1870.88,940.96,957.79,4997.94,699.08,7000.8,7000.8,7000.8,532.4,3999.07,78.04,619.5,4142.48,1807.64,593.4,866.84,9794.34,895.58
41,946.03,622.5,624.95,10365.04,1009.03,3162.02,14434.5,594.4,594.4,8470.2,808.87,712.34,2889.28,12495.4,2757.99,2932.18,555.3,7986.1,7986.1,7986.1,520.6,532.1,59.95,616.24,868.82,1001.24,2012.97,520.6,2203.52,14630.25,1870.88,940.96,957.79,5025.85,698.69,7005.5,7005.5,7005.5,532.4,3988.01,78.04,619.5,4101.76,1807.64,593.4,866.84,9794.34,895.58
42,946.03,622.5,618.4,10365.04,1009.03,3162.02,14465.5,594.4,594.4,8535.2,808.87,712.34,2889.28,12495.4,2757.99,2919.67,557.84,8108.3,8108.3,8108.3,520.6,532.1,59.95,616.24,868.82,1002.15,2012.97,520.6,2203.52,14630.25,1870.88,940.96,957.79,5070.31,698.29,7059.8,7059.8,7059.8,532.4,4050.84,78.04,619.5,4115.59,1807.64,593.4,866.84,9794.34,895.58
43,946.03,621.3,619.75,10252.38,1029.25,3176.75,14465.5,594.8,594.8,8653.4,810.64,720.39,2933.24,12680.4,2738.33,2896.27,560.7,8112.3,8112.3,8112.3,532.4,524.0,58.87,670.38,864.19,1002.45,2004.54,532.4,2179.27,14675.59,1868.04,935.48,961.87,5078.87,695.82,7031.5,7031.5,7031.5,539.7,4118.46,78.64,606.7,4142.9,1807.55,588.56,864.98,9792.52,901.51
44,946.03,617.0,619.44,10489.9,1027.59,3137.89,14465.5,605.3,605.3,8577.3,805.65,715.43,2947.83,12708.8,2751.96,2919.75,560.25,8150.8,8150.8,8150.8,526.8,522.8,59.44,667.72,858.51,998.17,1996.81,526.8,2179.32,14888.09,1872.16,928.71,974.3,5078.87,695.36,7008.5,7008.5,7008.5,547.2,4118.46,81.4,578.6,4142.9,1832.16,575.2,866.5,10002.44,922.21
45,946.03,603.1,619.44,10601.49,1025.0,3094.2,14392.0,621.2,621.2,8633.1,809.65,722.4,2883.68,12764.0,2745.23,2905.92,560.25,8079.0,8079.0,8079.0,520.3,522.8,58.76,690.86,861.78,998.17,1975.44,520.3,2175.76,14973.16,1881.78,950.62,980.36,5078.87,695.36,7011.9,7011.9,7011.9,553.0,4118.46,82.84,557.8,4142.9,1840.28,576.89,865.64,10500.43,920.82
46,946.03,596.4,619.44,10545.9,1019.47,3094.2,14321.8,622.2,622.2,8633.1,820.8,728.3,2919.59,12963.2,2737.68,2887.59,560.25,8079.0,8079.0,8079.0,519.6,522.8,58.18,716.19,862.95,998.17,1975.44,519.6,2189.62,15029.82,1872.82,954.57,982.4,5036.29,695.36,7011.9,7011.9,7011.9,555.9,4162.76,81.46,585.1,4219.46,1849.37,569.82,865.84,10584.55,952.45
47,946.03,601.3,621.28,10929.33,1023.28,3169.05,14047.1,618.2,618.2,8633.1,829.85,745.43,2961.53,12922.2,2751.93,2887.59,562.06,8079.0,8079.0,8079.0,515.8,521.6,58.38,690.83,864.69,1001.7,1950.09,515.8,2162.87,15135.6,1869.24,963.4,976.72,5032.75,695.36,7011.9,7011.9,7011.9,554.2,4177.78,79.55,599.3,4246.57,1869.14,569.57,860.69,10394.26,962.58
48,946.03,601.3,614.77,10929.33,1023.28,3169.05,14426.9,618.2,618.2,8633.1,829.85,745.43,2961.53,12922.2,2751.93,2887.59,553.98,8081.1,8081.1,8081.1,515.8,521.6,58.38,690.83,864.69,1002.31,1950.09,515.8,2162.87,15135.6,1869.24,963.4,976.72,5059.38,702.57,7011.9,7011.9,7011.9,554.2,4181.14,79.55,599.3,4229.4,1869.14,569.57,860.69,10394.26,962.58
49,946.03,601.3,614.07,10929.33,1023.28,3169.05,14644.0,618.2,618.2,8640.9,829.85,745.43,2961.53,12922.2,2751.93,2928.55,562.82,8037.5,8037.5,8037.5,515.8,521.6,58.38,690.83,864.69,1014.33,1950.09,515.8,2162.87,15135.6,1869.24,963.4,976.72,5090.11,705.63,7018.6,7018.6,7018.6,554.2,4210.73,79.55,599.3,4234.11,1869.14,569.57,860.69,10394.26,962.58
50,946.03,607.4,611.88,10868.19,1037.02,3172.36,14644.0,618.8,618.8,8567.2,825.0,743.1,2931.07,13025.8,2778.78,2949.45,561.43,8129.8,8129.8,8129.8,515.5,519.2,57.99,701.61,865.25,1013.83,1967.09,515.5,2171.38,15290.71,1868.26,954.51,972.25,5033.2,714.45,6952.6,6952.6,6952.6,554.5,4235.2,81.8,563.7,4209.66,1839.78,575.58,862.74,10353.28,956.11
51,946.03,610.0,615.73,10912.99,1075.35,3147.08,14644.0,626.3,626.3,8699.8,813.22,741.01,2921.46,13113.3,2783.89,2985.29,565.05,8159.4,8159.4,8159.4,517.8,517.5,57.71,700.79,869.72,1011.27,1996.82,517.8,2191.9,15376.72,1871.1,957.69,981.37,5033.2,722.71,6934.6,6934.6,6934.6,550.6,4235.2,81.56,541.5,4209.66,1840.44,569.28,857.41,10305.49,968.11
52,946.03,609.3,615.73,10903.7,1090.64,3066.06,14478.5,622.6,622.6,8668.8,807.68,761.21,2931.75,13088.2,2758.32,2993.4,565.05,8159.4,8159.4,8159.4,524.5,517.5,58.82,731.88,861.72,1011.27,2004.33,524.5,2194.88,15187.67,1870.8,950.71,978.9,5033.2,722.71,6961.5,6961.5,6961.5,539.0,4235.2,82.93,568.7,4209.66,1857.33,581.09,852.13,10216.52,972.5
53,946.03,620.4,615.73,10891.83,1085.03,3024.67,14653.0,626.7,626.7,8668.8,807.37,770.53,2934.7,13064.2,2761.01,3043.63,565.05,8159.4,8159.4,8159.4,515.8,534.0,57.39,765.85,857.34,1011.27,2003.87,515.8,2186.54,15272.47,1892.23,947.21,983.68,5070.11,722.71,6961.5,6961.5,6961.5,539.1,4238.08,82.41,530.2,4098.06,1838.95,570.78,862.61,10292.76,966.89
54,946.03,614.0,615.02,10950.02,1090.4,3079.56,14611.0,624.8,624.8,8668.8,805.35,776.26,2959.6,13229.7,2781.43,3043.63,570.57,8159.4,8159.4,8159.4,514.1,527.3,56.4,781.99,853.39,1012.84,2022.37,514.1,2197.49,15143.94,1892.52,952.06,993.67,5098.12,723.95,6961.5,6961.5,6961.5,528.5,4224.24,82.37,553.1,4079.68,1825.47,573.05,865.03,10628.08,964.52
55,946.03,614.0,609.96,10950.02,1090.4,3079.56,14755.5,624.8,624.8,8668.8,805.35,776.26,2959.6,13229.7,2781.43,3043.63,560.7,8209.6,8209.6,8209.6,514.1,527.3,56.4,781.99,853.39,995.45,2022.37,514.1,2197.49,15143.94,1892.52,952.06,993.67,5101.97,722.17,6961.5,6961.5,6961.5,528.5,4181.85,82.37,553.1,4137.16,1825.47,573.05,865.03,10628.08,964.52
56,946.03,614.0,607.04,10950.02,1090.4,3079.56,14628.7,624.8,624.8,8689.3,805.35,776.26,2959.6,13229.7,2781.43,3054.6,565.67,8186.4,8186.4,8186.4,514.1,527.3,56.4,781.99,853.39,999.45,2022.37,514.1,2197.49,15143.94,1892.52,952.06,993.67,5145.91,718.3,7037.5,7037.5,7037.5,528.5,4241.63,82.37,553.1,4105.72,1825.47,573.05,865.03,10628.08,964.52
57,946.03,609.0,608.87,10963.44,1064.87,3066.1,14628.7,622.8,622.8,8864.3,816.4,780.94,2935.21,13032.4,2724.62,3062.83,560.01,8232.3,8232.3,8232.3,512.0,524.5,55.37,762.73,851.96,1014.01,2045.71,512.0,2198.36,15196.92,1887.09,960.62,998.07,5148.65,713.43,7119.2,7119.2,7119.2,532.7,4224.83,82.18,572.9,4092.69,1830.64,566.46,870.92,10939.37,972.46
58,946.03,616.4,609.71,10864.21,1092.76,3061.48,14628.7,626.5,626.5,8761.8,806.99,780.39,2967.59,13103.6,2671.88,3057.08,570.02,8292.8,8292.8,8292.8,510.9,523.0,54.31,740.19,864.22,999.25,2055.13,510.9,2199.4,15196.92,1903.6,956.61,1003.27,5148.65,712.92,7094.0,7094.0,7094.0,544.5,4224.83,83.32,569.2,4092.69,1828.09,574.6,867.01,11312.01,965.32
59,946.03,628.0,609.71,10920.02,1095.28,3067.14,14726.8,633.2,633.2,8970.0,800.31,791.01,2946.76,13060.7,2719.79,3073.26,570.02,8292.8,8292.8,8292.8,515.4,524.9,55.75,759.1,866.33,999.25,2056.9,515.4,2206.46,15263.04,1882.01,952.38,988.71,5148.65,712.92,7104.7,7104.7,7104.7,558.8,4224.83,83.63,591.9,4092.69,1795.4,577.34,866.06,11257.48,972.65
60,946.03,628.4,609.71,10947.23,1101.73,3055.8,14775.8,640.0,640.0,8970.0,793.13,792.42,2967.37,13082.5,2738.23,3054.76,570.02,8292.8,8292.8,8292.8,516.3,523.7,55.84,788.79,872.27,999.25,2056.71,516.3,2215.5,15114.24,1881.79,951.8,980.18,5144.73,712.92,7104.7,7104.7,7104.7,554.0,4230.7,80.02,569.7,4028.46,1813.1,584.46,863.47,11297.27,971.43
61,946.03,626.1,616.52,10802.44,1093.71,3126.07,15021.6,638.6,638.6,8970.0,763.4,798.25,2969.79,13061.1,2651.59,3054.76,569.79,8292.8,8292.8,8292.8,520.8,514.9,56.1,783.3,870.45,975.81,2062.65,520.8,2214.29,15190.39,1885.69,950.07,967.52,5152.31,714.91,7104.7,7104.7,7104.7,560.2,4255.18,80.38,554.5,3978.4,1813.74,579.28,866.73,11263.47,964.08
62,946.03,626.1,615.66,10802.44,1093.71,3126.07,14987.8,638.6,638.6,8960.4,763.4,798.25,2969.79,13061.1,2651.59,3054.76,573.51,8149.5,8149.5,8149.5,520.8,514.9,56.1,783.3,870.45,984.98,2062.65,520.8,2214.29,15190.39,1885.69,950.07,967.52,5127.57,714.41,7047.0,7047.0,7047.0,560.2,4248.05,80.38,554.5,3959.53,1813.74,579.28,866.73,11263.47,964.08
63,946.03,626.1,622.25,10802.44,1093.71,3126.07,15088.7,638.6,638.6,9005.0,763.4,798.25,2969.79,13061.1,2651.59,3063.59,563.24,8187.3,8187.3,8187.3,520.8,514.9,56.1,783.3,870.45,990.64,2062.65,520.8,2214.29,15190.39,1885.69,950.07,967.52,5065.61,698.88,7056.3,7056.3,7056.3,560.2,4237.84,80.38,554.5,4041.4,1813.74,579.28,866.73,11263.47,964.08
64,946.03,619.5,620.21,11039.52,1092.14,3081.65,15088.7,634.2,634.2,9121.7,738.97,796.84,2965.58,12922.4,2634.42,3026.25,566.78,8433.5,8433.5,8433.5,526.8,511.1,55.62,768.0,868.01,1008.74,2067.23,526.8,2201.3,15267.45,1887.56,953.65,979.6,5017.62,695.39,7089.7,7089.7,7089.7,557.5,4230.67,81.18,578.0,4140.95,1815.59,580.3,875.8,11538.53,972.75
65,946.03,620.4,623.23,11124.82,1106.23,3081.65,15088.7,621.0,621.0,9203.2,741.3,799.09,2983.46,12965.1,2588.0,3024.1,569.32,8513.0,8513.0,8513.0,521.9,503.4,55.57,768.77,852.58,1003.53,2094.66,521.9,2222.5,14993.5,1894.72,959.08,983.99,5017.62,699.29,7061.7,7061.7,7061.7,565.6,4230.67,78.94,567.0,4140.95,1833.36,582.13,873.56,11415.49,967.39
66,946.03,627.6,623.23,11074.88,1106.3,3093.64,15183.7,609.7,609.7,9254.0,756.21,788.91,3017.28,12987.4,2609.75,2998.1,569.32,8524.0,8524.0,8524.0,532.5,496.6,55.16,789.42,852.25,1003.53,2098.46,532.5,2201.42,15113.25,1887.67,967.73,988.74,5017.62,699.29,7087.2,7087.2,7087.2,576.1,4230.67,78.67,543.0,4140.95,1834.36,573.38,872.81,11415.49,967.58
67,946.03,647.6,623.23,11066.55,1109.87,3086.01,15163.5,618.5,618.5,9254.0,743.31,784.7,2974.7,12826.0,2605.09,2992.59,569.32,8524.0,8524.0,8524.0,539.9,501.1,56.92,782.24,851.05,1003.53,2110.93,539.9,2179.93,15063.68,1907.22,962.51,977.8,5050.36,699.29,7087.2,7087.2,7087.2,579.7,4230.67,80.52,553.7,4187.81,1829.35,563.62,873.34,11448.53,965.84
68,946.03,646.5,622.52,11092.36,1094.98,3084.89,15316.1,622.1,622.1,9254.0,743.83,771.21,2991.43,12891.1,2603.89,2992.59,569.98,8524.0,8524.0,8524.0,539.7,505.2,57.93,790.94,823.44,998.78,2112.62,539.7,2195.95,15138.9,1887.78,952.05,975.78,5051.73,701.62,7087.2,7087.2,7087.2,587.8,4220.72,79.56,578.3,4169.15,1856.32,555.67,875.43,11557.77,977.7
69,946.03,646.5,624.73,11092.36,1094.98,3084.89,15149.5,622.1,622.1,9254.0,743.83,771.21,2991.43,12891.1,2603.89,2992.59,568.12,8498.9,8498.9,8498.9,539.7,505.2,57.93,790.94,823.44,1012.96,2112.62,539.7,2195.95,15138.9,1887.78,952.05,975.78,5119.84,700.93,7087.2,7087.2,7087.2,587.8,4198.25,79.56,578.3,4196.11,1856.32,555.67,875.43,11557.77,977.7
70,946.03,646.5,628.4,11092.36,1094.98,3084.89,15004.5,622.1,622.1,9224.5,743.83,771.21,2991.43,12891.1,2603.89,3016.91,564.1,8565.4,8565.4,8565.4,539.7,505.2,57.93,790.94,823.44,997.06,2112.62,539.7,2195.95,15138.9,1887.78,952.05,975.78,5097.07,701.08,7000.3,7000.3,7000.3,587.8,4239.63,79.56,578.3,4237.61,1856.32,555.67,875.43,11557.77,977.7
71,946.03,642.1,613.63,11092.36,1086.81,3071.21,15004.5,626.2,626.2,9087.6,751.34,753.06,2972.73,12828.9,2619.23,3026.55,571.66,8565.9,8565.9,8565.9,531.1,501.2,58.16,804.72,808.04,1000.98,2100.09,531.1,2182.58,15126.03,1910.06,969.62,965.18,5074.68,700.11,7024.2,7024.2,7024.2,589.3,4290.99,79.2,590.2,4259.1,1884.08,557.45,875.83,11502.99,987.98
72,946.03,640.2,614.61,11092.36,1078.74,3100.76,15004.5,612.5,612.5,9016.9,759.51,754.29,2993.09,12768.7,2641.69,2985.28,575.27,8585.2,8585.2,8585.2,527.1,496.1,57.61,793.97,802.73,1018.39,2102.52,527.1,2131.32,15184.73,1935.55,968.02,969.47,5074.68,700.25,6986.9,6986.9,6986.9,578.8,4290.99,81.57,597.2,4259.1,1902.22,556.04,865.94,11818.59,987.17
73,946.03,634.2,614.61,11231.21,1065.5,3074.01,15004.6,617.8,617.8,9160.0,754.06,752.26,3016.28,12785.7,2615.88,3001.49,575.27,8481.8,8481.8,8481.8,529.7,491.7,57.86,801.98,803.41,1018.39,2098.65,529.7,2141.57,14693.54,1942.54,968.86,963.16,5074.68,700.25,7023.3,7023.3,7023.3,586.0,4290.99,82.05,626.5,4259.1,1883.27,557.36,857.7,11872.34,981.65
74,946.03,638.0,614.61,11114.31,1078.25,3083.37,15175.8,634.1,634.1,9160.0,731.66,752.44,3009.27,12763.0,2617.9,2882.78,575.27,8481.8,8481.8,8481.8,531.4,489.5,58.82,813.18,812.23,1018.39,2091.96,531.4,2133.94,14578.03,1950.6,972.01,964.9,5062.97,700.25,7023.3,7023.3,7023.3,597.7,4267.71,81.93,628.1,4274.62,1906.47,559.92,851.99,11720.94,976.96
75,946.03,646.5,611.36,11062.01,1094.73,3091.41,15201.5,631.2,631.2,9160.0,750.35,742.22,3002.66,12808.1,2615.1,2882.78,574.25,8481.8,8481.8,8481.8,530.1,484.4,58.81,822.47,801.46,1017.23,2094.93,530.1,2148.72,14219.57,1958.18,972.21,961.54,4976.59,700.45,7023.3,7023.3,7023.3,596.0,4239.42,83.87,631.3,4232.09,1887.75,556.21,860.6,11907.34,984.9
76,946.03,646.5,611.95,11062.01,1094.73,3091.41,15412.8,631.2,631.2,9231.6,750.35,742.22,3002.66,12808.1,2615.1,2882.78,581.08,8481.8,8481.8,8481.8,530.1,484.4,58.81,822.47,801.46,1018.17,2094.93,530.1,2148.72,14219.57,1958.18,972.21,961.54,4972.08,695.39,7014.5,7014.5,7014.5,596.0,4238.96,83.87,631.3,4201.68,1887.75,556.21,860.6,11907.34,984.9
77,946.03,646.5,607.15,11062.01,1094.73,3091.41,15511.6,631.2,631.2,9244.7,750.35,742.22,3002.66,12808.1,2615.1,2898.72,584.12,8498.4,8498.4,8498.4,530.1,484.4,58.81,822.47,801.46,1034.74,2094.93,530.1,2148.72,14219.57,1958.18,972.21,961.54,5005.19,693.74,7076.4,7076.4,7076.4,596.0,4300.99,83.87,631.3,4178.95,1887.75,556.21,860.6,11907.34,984.9
78,946.03,629.7,607.85,11062.01,1093.29,2986.47,15511.6,632.1,632.1,9283.3,746.37,741.68,2983.03,12834.2,2609.92,2863.93,586.18,8541.5,8541.5,8541.5,529.6,476.3,58.36,805.03,793.13,1035.27,2116.1,529.6,2181.84,13774.83,1957.82,974.1,958.41,5031.81,697.94,7166.6,7166.6,7166.6,581.1,4243.14,82.42,625.2,4144.85,1867.48,567.62,859.67,11775.18,987.13
79,946.03,645.5,610.82,10875.21,1084.45,2956.52,15511.6,626.5,626.5,9354.5,750.24,748.38,3001.35,13019.1,2589.4,2907.62,576.22,8483.1,8483.1,8483.1,536.5,483.4,58.14,822.92,797.59,1034.51,2133.95,536.5,2217.9,13930.62,1953.74,970.39,947.27,5031.81,699.33,7177.7,7177.7,7177.7,567.0,4243.14,83.83,625.0,4144.85,1874.11,565.38,855.94,11857.3,984.49
80,946.03,650.2,610.82,10957.67,1081.6,2930.79,15736.1,623.8,623.8,9380.3,738.35,747.95,3010.79,12961.5,2579.89,2901.35,576.22,8416.2,8416.2,8416.2,524.1,493.9,58.14,814.04,784.62,1034.51,2151.78,524.1,2211.7,13705.43,1946.78,976.76,949.18,5031.81,699.33,7137.6,7137.6,7137.6,560.9,4243.14,84.34,621.2,4144.85,1899.7,570.55,846.65,12049.4,996.19
81,946.03,648.7,610.82,10928.48,1080.16,2926.69,15576.2,624.6,624.6,9380.3,718.75,738.88,3037.48,12472.2,2589.83,2899.02,576.22,8416.2,8416.2,8416.2,518.1,493.6,58.14,820.32,781.57,1034.51,2158.61,518.1,2225.07,13551.85,1938.56,984.47,958.28,5031.81,699.33,7137.6,7137.6,7137.6,562.4,4186.92,84.22,632.2,4055.9,1866.45,568.41,839.99,12139.71,1001.54
82,946.03,637.9,618.96,10861.74,1049.46,2926.69,15524.8,623.6,623.6,9380.3,717.62,760.23,3009.81,12659.6,2614.22,2899.02,574.8,8416.2,8416.2,8416.2,509.2,481.9,57.63,828.75,794.91,1024.69,2137.87,509.2,2220.31,13190.61,1950.7,978.76,960.94,4974.23,694.7,7137.6,7137.6,7137.6,552.2,4189.66,84.22,677.7,4090.93,1909.36,566.78,833.57,12219.57,990.66
83,946.03,637.9,615.34,10861.74,1049.46,2926.69,15217.8,623.6,623.6,9306.1,717.62,760.23,3009.81,12659.6,2614.22,2899.02,572.43,8369.2,8369.2,8369.2,509.2,481.9,57.63,828.75,794.91,1030.65,2137.87,509.2,2220.31,13190.61,1950.7,978.76,960.94,4965.36,689.02,7081.9,7081.9,7081.9,552.2,4196.94,84.22,677.7,4120.22,1909.36,566.78,833.57,12219.57,990.66
84,946.03,637.9,618.76,10861.74,1049.46,2926.69,15401.9,623.6,623.6,9432.8,717.62,760.23,3009.81,12659.6,2614.22,2898.31,569.27,8343.2,8343.2,8343.2,509.2,481.9,57.63,828.75,794.91,1025.9,2137.87,509.2,2220.31,13190.61,1950.7,978.76,960.94,5012.76,696.85,7064.0,7064.0,7064.0,552.2,4218.0,84.22,677.7,4121.03,1909.36,566.78,833.57,12219.57,990.66
85,946.03,643.9,623.61,11016.58,1036.92,2920.54,15401.9,625.4,625.4,9460.7,717.16,746.11,3020.08,12601.1,2560.61,2939.42,569.32,8101.8,8101.8,8101.8,503.9,483.5,57.97,830.19,797.46,1026.67,2159.14,503.9,2227.84,12739.42,1986.98,976.71,956.57,5027.57,700.81,7061.2,7061.2,7061.2,552.9,4212.66,83.06,684.3,4177.08,1902.56,572.32,848.35,12192.77,995.25
86,946.03,644.8,625.89,11037.02,1036.92,2895.73,15401.9,627.8,627.8,9504.7,689.25,750.24,2966.76,12839.4,2590.65,2918.69,574.01,8232.8,8232.8,8232.8,520.0,495.5,58.01,823.34,793.49,1032.13,2151.98,520.0,2196.02,12183.28,1978.28,966.61,945.87,5027.57,709.61,7058.7,7058.7,7058.7,548.7,4212.66,81.91,660.4,4177.08,1896.95,576.16,845.4,12029.14,986.67
87,946.03,638.3,625.89,10872.97,1037.17,2931.46,15468.8,621.3,621.3,9457.3,692.31,748.11,2945.2,13018.5,2587.68,2888.93,574.01,8072.6,8072.6,8072.6,519.5,510.0,58.01,775.04,798.83,1032.13,2149.01,519.5,2170.38,12458.33,1957.84,969.62,947.68,5027.57,709.61,7179.0,7179.0,7179.0,565.1,4212.66,79.84,652.3,4177.08,1900.58,573.68,847.81,12172.03,976.62
88,946.03,640.1,625.89,10644.7,1038.64,2928.85,15535.1,625.6,625.6,9457.3,708.59,761.48,2955.28,12917.0,2603.81,2894.51,574.01,8072.6,8072.6,8072.6,517.8,520.3,60.23,748.5,801.94,1032.13,2142.37,517.8,2109.27,12502.29,1954.0,966.99,945.3,4975.44,709.61,7179.0,7179.0,7179.0,572.6,4251.97,80.21,651.8,4173.44,1898.55,582.06,863.3,11717.14,969.65
89,946.03,631.9,625.89,10808.43,1017.73,2979.02,15760.0,624.4,624.4,9457.3,719.49,776.74,2984.16,12933.7,2603.81,2894.51,575.49,8072.6,8072.6,8072.6,505.9,527.1,58.59,746.98,793.45,1043.27,2149.83,505.9,2148.27,12909.21,1951.11,957.79,951.15,4933.12,703.5,7179.0,7179.0,7179.0,557.7,4233.32,80.21,659.7,4187.64,1858.42,580.5,879.63,11623.17,964.2
90,946.03,631.9,628.32,10808.43,1017.73,2979.02,15918.2,624.4,624.4,9403.5,719.49,776.74,2984.16,12933.7,2603.81,2894.51,575.15,8206.9,8206.9,8206.9,505.9,527.1,58.59,746.98,793.45,1046.9,2149.83,505.9,2148.27,12909.21,1951.11,957.79,951.15,4897.23,703.96,7146.7,7146.7,7146.7,557.7,4270.9,80.21,659.7,4202.3,1858.42,580.5,879.63,11623.17,964.2
